<?xml version="1.0" encoding="UTF-8"?>
<project-private xmlns="http://www.netbeans.org/ns/project-private/1">
    <editor-bookmarks xmlns="http://www.netbeans.org/ns/editor-bookmarks/2" lastBookmarkId="0"/>
    <open-files xmlns="http://www.netbeans.org/ns/projectui-open-files/2">
        <group>
            <file>file:/C:/Users/Sebastiaan/Desktop/school/2ICT1/javaoo/Project_Sebastiaan/src/logica/Vak.java</file>
            <file>file:/C:/Users/Sebastiaan/Desktop/school/2ICT1/javaoo/Project_Sebastiaan/src/presentatie/Beheervenster.java</file>
            <file>file:/C:/Users/Sebastiaan/Desktop/school/2ICT1/javaoo/Project_Sebastiaan/src/presentatie/Overzicht.java</file>
            <file>file:/C:/Users/Sebastiaan/Desktop/school/2ICT1/javaoo/Project_Sebastiaan/src/logica/Student.java</file>
            <file>file:/C:/Users/Sebastiaan/Desktop/school/2ICT1/javaoo/Project_Sebastiaan/src/logica/Curriculum.java</file>
            <file>file:/C:/Users/Sebastiaan/Desktop/school/2ICT1/javaoo/Project_Sebastiaan/src/logica/Analyse.java</file>
            <file>file:/C:/Users/Sebastiaan/Desktop/school/2ICT1/javaoo/Project_Sebastiaan/src/logica/Filters.java</file>
            <file>file:/C:/Users/Sebastiaan/Desktop/school/2ICT1/javaoo/Project_Sebastiaan/src/logica/Studiegroep.java</file>
        </group>
    </open-files>
</project-private>
